Workbook

Sheet Cómo usarlo
A1: CAPÍTULO 16 · MATERIAL PRÁCTICO
A2: Plan de formación y acompañamiento
A3: Material complementario de «Vende más y trabaja menos»
A6: 1. Plan de formación por perfiles
B7: Para cada perfil, anota qué personas lo forman, cuándo será su sesión y quién la imparte. Forma justo antes de que empiecen a usar la herramienta: formar un mes antes del lanzamiento es formar para olvidar.
A9: 2. Calendario de acompañamiento
B10: Escribe la fecha de lanzamiento y la hoja calcula las fechas de cada fase del acompañamiento.
A12: 3. Indicadores de adopción
B13: Cada semana, durante los tres primeros meses, apunta los datos de uso. Mide la adopción con datos, no con impresiones. Si las dudas bajan con las semanas, el equipo está aprendiendo; si se repiten las mismas, falta formación en ese punto.
A15: 4. Registro de formación en IA
B16: Apunta quién se ha formado, en qué y cuándo. El Reglamento europeo de IA obliga a las empresas que usan IA a adoptar medidas para la alfabetización de su personal, y poder enseñar este registro vale más que cualquier explicación. La hoja calcula cuándo toca actualizar cada formación: como mínimo una vez al año.
B18: Las celdas en amarillo claro son para rellenar. Las demás se calculan solas.
B20: Material complementario del libro «Vende más y trabaja menos», de Jacob Ruiz. © 2026 Jacob Ruiz. Uso libre en tu empresa; no se permite su venta ni su distribución como material propio.

Sheet Plan de formación
A1: CAPÍTULO 16 · MATERIAL PRÁCTICO
A2: Plan de formación por perfiles
A3: Por perfiles, práctico, con casos reales y justo antes de empezar
A5: Perfil | B5: Qué tiene que dominar | C5: Formato recomendado | D5: Personas | E5: Fecha de la sesión | F5: Quién la imparte | G5: ¿Hecho?
A6: Comercial | B6: Registrar contactos y actividades, mover oportunidades por el embudo, gestionar sus tareas y recordatorios, usarlo desde el móvil | C6: Dos sesiones prácticas cortas y una guía rápida de una página
A7: Marketing | B7: Segmentos, formularios, secuencias de correo, informes de campañas | C7: Sesión práctica por cada flujo que vaya a gestionar
A8: Atención al cliente y posventa | B8: Ficha del cliente, incidencias, respuestas rápidas, paso de conversaciones desde el chatbot | C8: Sesión práctica y práctica acompañada con casos reales
A9: Dirección | B9: Cuadro de mando, informes y lectura de los indicadores | C9: Una sesión breve y revisión mensual de datos
A10: Usuario clave de cada área | B10: Todo lo de su área y la resolución de dudas frecuentes | C10: Formación más completa antes que el resto
A11: Ejemplo para un CRM: adapta lo que tiene que dominar cada perfil a tu herramienta.

Sheet Acompañamiento
A1: CAPÍTULO 16 · MATERIAL PRÁCTICO
A2: Calendario de acompañamiento después del lanzamiento
A3: Acompaña hasta que sea costumbre
A4: Fecha de lanzamiento
A6: Momento | B6: Desde | C6: Hasta | D6: Qué hacer | E6: Quién | F6: ¿Hecho?
A7: Primera semana | B7: =IF($B$4="","",B4) | C7: =IF($B$4="","",B4+6) | D7: Soporte diario y puerta abierta: cualquier duda se resuelve en el momento | E7: Usuarios clave y responsable del proyecto
A8: Semanas 2 a 4 | B8: =IF($B$4="","",B4+7) | C8: =IF($B$4="","",B4+27) | D8: Una sesión semanal de dudas de treinta minutos y ajustes rápidos en la configuración | E8: Responsable del proyecto
A9: Meses 2 y 3 | B9: =IF($B$4="","",EDATE(B4,1)) | C9: =IF($B$4="","",EDATE(B4,3)-1) | D9: Revisión del uso con datos: quién la usa, qué funciones no se usan y por qué; formación de refuerzo donde haga falta | E9: Responsable del proyecto y dirección
A10: A partir del cuarto mes | B10: =IF($B$4="","",EDATE(B4,3)) | C10: En adelante | D10: Revisión trimestral, formación de las nuevas incorporaciones y de las funciones nuevas que se activen | E10: Usuarios clave
A12: Revisiones trimestrales
A13: Revisión 1 | B13: =IF($B$4="","",EDATE($B$4,3))
A14: Revisión 2 | B14: =IF($B$4="","",EDATE($B$4,6))
A15: Revisión 3 | B15: =IF($B$4="","",EDATE($B$4,9))
A16: Revisión 4 | B16: =IF($B$4="","",EDATE($B$4,12))

Sheet Indicadores de adopción
A1: CAPÍTULO 16 · MATERIAL PRÁCTICO
A2: Indicadores de adopción
A3: Una fila por semana durante los tres primeros meses
A5: Semana | B5: Semana del | C5: Personas que deberían usarla | D5: Usuarios activos | E5: % activos | F5: Registros revisados | G5: Registros con campos clave | H5: % completos | I5: Tareas que vencían | J5: Cerradas a tiempo | K5: % al día | L5: Funciones clave que no se usan | M5: Dudas recibidas
A6: 1 | B6: =IF(Acompañamiento!$B$4="","",Acompañamiento!$B$4+0) | E6: =IF(N(C6)=0,"",D6/C6) | H6: =IF(N(F6)=0,"",G6/F6) | K6: =IF(N(I6)=0,"",J6/I6)
A7: 2 | B7: =IF(Acompañamiento!$B$4="","",Acompañamiento!$B$4+7) | E7: =IF(N(C7)=0,"",D7/C7) | H7: =IF(N(F7)=0,"",G7/F7) | K7: =IF(N(I7)=0,"",J7/I7)
A8: 3 | B8: =IF(Acompañamiento!$B$4="","",Acompañamiento!$B$4+14) | E8: =IF(N(C8)=0,"",D8/C8) | H8: =IF(N(F8)=0,"",G8/F8) | K8: =IF(N(I8)=0,"",J8/I8)
A9: 4 | B9: =IF(Acompañamiento!$B$4="","",Acompañamiento!$B$4+21) | E9: =IF(N(C9)=0,"",D9/C9) | H9: =IF(N(F9)=0,"",G9/F9) | K9: =IF(N(I9)=0,"",J9/I9)
A10: 5 | B10: =IF(Acompañamiento!$B$4="","",Acompañamiento!$B$4+28) | E10: =IF(N(C10)=0,"",D10/C10) | H10: =IF(N(F10)=0,"",G10/F10) | K10: =IF(N(I10)=0,"",J10/I10)
A11: 6 | B11: =IF(Acompañamiento!$B$4="","",Acompañamiento!$B$4+35) | E11: =IF(N(C11)=0,"",D11/C11) | H11: =IF(N(F11)=0,"",G11/F11) | K11: =IF(N(I11)=0,"",J11/I11)
A12: 7 | B12: =IF(Acompañamiento!$B$4="","",Acompañamiento!$B$4+42) | E12: =IF(N(C12)=0,"",D12/C12) | H12: =IF(N(F12)=0,"",G12/F12) | K12: =IF(N(I12)=0,"",J12/I12)
A13: 8 | B13: =IF(Acompañamiento!$B$4="","",Acompañamiento!$B$4+49) | E13: =IF(N(C13)=0,"",D13/C13) | H13: =IF(N(F13)=0,"",G13/F13) | K13: =IF(N(I13)=0,"",J13/I13)
A14: 9 | B14: =IF(Acompañamiento!$B$4="","",Acompañamiento!$B$4+56) | E14: =IF(N(C14)=0,"",D14/C14) | H14: =IF(N(F14)=0,"",G14/F14) | K14: =IF(N(I14)=0,"",J14/I14)
A15: 10 | B15: =IF(Acompañamiento!$B$4="","",Acompañamiento!$B$4+63) | E15: =IF(N(C15)=0,"",D15/C15) | H15: =IF(N(F15)=0,"",G15/F15) | K15: =IF(N(I15)=0,"",J15/I15)
A16: 11 | B16: =IF(Acompañamiento!$B$4="","",Acompañamiento!$B$4+70) | E16: =IF(N(C16)=0,"",D16/C16) | H16: =IF(N(F16)=0,"",G16/F16) | K16: =IF(N(I16)=0,"",J16/I16)
A17: 12 | B17: =IF(Acompañamiento!$B$4="","",Acompañamiento!$B$4+77) | E17: =IF(N(C17)=0,"",D17/C17) | H17: =IF(N(F17)=0,"",G17/F17) | K17: =IF(N(I17)=0,"",J17/I17)
A18: 13 | B18: =IF(Acompañamiento!$B$4="","",Acompañamiento!$B$4+84) | E18: =IF(N(C18)=0,"",D18/C18) | H18: =IF(N(F18)=0,"",G18/F18) | K18: =IF(N(I18)=0,"",J18/I18)

Sheet Registro de formación IA
A1: CAPÍTULO 16 · MATERIAL PRÁCTICO
A2: Registro de formación en IA
A3: Quién se ha formado, en qué y cuándo
A5: Persona | B5: Área o puesto | C5: Nivel | D5: Formación o contenido | E5: Fecha | F5: Horas | G5: Impartida por o plataforma | H5: Justificante o certificado | I5: Actualizar antes del
I6: =IF(E6="","",EDATE(E6,12))
I7: =IF(E7="","",EDATE(E7,12))
I8: =IF(E8="","",EDATE(E8,12))
I9: =IF(E9="","",EDATE(E9,12))
I10: =IF(E10="","",EDATE(E10,12))
I11: =IF(E11="","",EDATE(E11,12))
I12: =IF(E12="","",EDATE(E12,12))
I13: =IF(E13="","",EDATE(E13,12))
I14: =IF(E14="","",EDATE(E14,12))
I15: =IF(E15="","",EDATE(E15,12))
I16: =IF(E16="","",EDATE(E16,12))
I17: =IF(E17="","",EDATE(E17,12))
... I105: =IF(E105="","",EDATE(E105,12))
